<?xml version="1.0" encoding="UTF-8"?>
<project-private xmlns="http://www.netbeans.org/ns/project-private/1">
    <data xmlns="http://www.netbeans.org/ns/make-project-private/1">
        <activeConfTypeElem>1</activeConfTypeElem>
        <activeConfIndexElem>0</activeConfIndexElem>
    </data>
    <editor-bookmarks xmlns="http://www.netbeans.org/ns/editor-bookmarks/2" lastBookmarkId="0"/>
    <open-files xmlns="http://www.netbeans.org/ns/projectui-open-files/2">
        <group>
            <file>file:/C:/Users/rcc/Desktop/CIS-17B-47340/assignment/assn2-review_classes/Assn2-SpreadSheet_v1.0/main.cpp</file>
            <file>file:/C:/Users/rcc/Desktop/CIS-17B-47340/assignment/assn2-review_classes/Assn2-SpreadSheet_v1.0/Prob3Table.h</file>
            <file>file:/C:/Users/rcc/Desktop/CIS-17B-47340/assignment/assn2-review_classes/Assn2-SpreadSheet_v1.0/Prob3TableInherited.h</file>
        </group>
    </open-files>
</project-private>
